<?xml version="1.0" encoding="UTF-8"?>
<Root><b2cHeadline>QUESTIONS? LET US HELP</b2cHeadline><b2cSupportLink><b2cLinkIcon>/lg5-common-gp/images/common/icons/in-warranty-info.svg</b2cLinkIcon><b2cLinkIconAlt>Warranty Information</b2cLinkIconAlt><b2cLinkTitle>Warranty Information</b2cLinkTitle><b2cLinkDescription>View manufacturer warranty information</b2cLinkDescription><b2cLinkTime></b2cLinkTime></b2cSupportLink><b2cSupportLink><b2cLinkIcon>/lg5-common-gp/images/common/icons/regist-product.svg</b2cLinkIcon><b2cLinkIconAlt>Register a Product</b2cLinkIconAlt><b2cLinkTitle>Register a Product</b2cLinkTitle><b2cLinkDescription>Find out latest product information and useful tips by registering your product</b2cLinkDescription><b2cLinkTime></b2cLinkTime></b2cSupportLink><b2cSupportLink><b2cLinkIcon>/lg5-common-gp/images/common/icons/manuals-download.svg</b2cLinkIcon><b2cLinkIconAlt>Manuals</b2cLinkIconAlt><b2cLinkTitle>Manuals</b2cLinkTitle><b2cLinkDescription>View and download information for your LG product</b2cLinkDescription><b2cLinkTime></b2cLinkTime></b2cSupportLink><b2cSupportLink><b2cLinkIcon>/lg5-common-gp/images/common/icons/software-drivers.svg</b2cLinkIcon><b2cLinkIconAlt>Software &amp; Firmware</b2cLinkIconAlt><b2cLinkTitle>Software &amp; Firmware</b2cLinkTitle><b2cLinkDescription>Update your LG product with the latest version of software or firmware</b2cLinkDescription><b2cLinkTime></b2cLinkTime></b2cSupportLink><b2cSupportLink><b2cLinkIcon>/lg5-common-gp/images/common/icons/find-service-center.svg</b2cLinkIcon><b2cLinkIconAlt>LG Authorised Service Centre</b2cLinkIconAlt><b2cLinkTitle>LG Authorised Service Centre</b2cLinkTitle><b2cLinkDescription>Find a service centre in your area</b2cLinkDescription><b2cLinkTime></b2cLinkTime></b2cSupportLink><b2cSupportLink><b2cLinkIcon>/lg5-common-gp/images/common/icons/repair.svg</b2cLinkIcon><b2cLinkIconAlt>Request a Repair</b2cLinkIconAlt><b2cLinkTitle>Request a Repair</b2cLinkTitle><b2cLinkDescription>Does your LG product require a repair service?</b2cLinkDescription><b2cLinkTime></b2cLinkTime></b2cSupportLink><b2cSupportLink><b2cLinkIcon>/lg5-common-gp/images/common/icons/document-upload.svg</b2cLinkIcon><b2cLinkIconAlt>Document Attachment</b2cLinkIconAlt><b2cLinkTitle>Document Attachment</b2cLinkTitle><b2cLinkDescription>Upload additional documents for obtaining service and support</b2cLinkDescription><b2cLinkTime></b2cLinkTime></b2cSupportLink><optionHeadline>Simply choose a support option from the icons below:</optionHeadline><supportOption><optionIcon>live-chat</optionIcon><optionAltText>livechat</optionAltText><optionTitle>Live Chat</optionTitle><optionDescription>Chat Online with LG Support.&lt;br&gt;
&lt;span class="link-text lg"&gt;Start Live Chat&lt;/span&gt;</optionDescription><optionTime></optionTime></supportOption><supportOption><optionIcon>telephone</optionIcon><optionAltText>telephone</optionAltText><optionTitle>Telephone</optionTitle><optionDescription>Call us on &lt;span class="number"&gt;1300 54 22 73&lt;/span&gt;</optionDescription><optionTime></optionTime></supportOption><supportOption><optionIcon>email</optionIcon><optionAltText>email</optionAltText><optionTitle>Email</optionTitle><optionDescription>No time to chat? &lt;br&gt;
Send your enquiry to us via email. &lt;br&gt;
&lt;span class="link-text lg"&gt;Send an Email&lt;/span&gt;</optionDescription><optionTime></optionTime></supportOption><b2bHeadline>QUESTIONS? LET US HELP</b2bHeadline><b2bSubHeadline>Simply choose a support option from the icons below:</b2bSubHeadline><b2bSupportLink><b2bLinkIcon>warrantyinformation</b2bLinkIcon><b2bLinkAltText>warranty information</b2bLinkAltText><b2bLinkTitle>Warranty Information</b2bLinkTitle><b2bLinkDescription>View manufacturer warranty information</b2bLinkDescription><b2bLinkTime>Weekdays 8am-5pm CST</b2bLinkTime></b2bSupportLink><b2bSupportLink><b2bLinkIcon>regist-product</b2bLinkIcon><b2bLinkAltText>regist product</b2bLinkAltText><b2bLinkTitle>Register Your Product</b2bLinkTitle><b2bLinkDescription>Get the most out of your ownership</b2bLinkDescription><b2bLinkTime>&lt;span class="link-text lg"&gt;Need more contact information&lt;br&gt; for other business units?&lt;/span&gt;</b2bLinkTime></b2bSupportLink><b2bSupportLink><b2bLinkIcon>manuals</b2bLinkIcon><b2bLinkAltText>manuals</b2bLinkAltText><b2bLinkTitle>Manuals and Downloads</b2bLinkTitle><b2bLinkDescription>Download owner's manuals and documentation</b2bLinkDescription><b2bLinkTime>No time to chat?</b2bLinkTime></b2bSupportLink><b2bSupportLink><b2bLinkIcon>help-library</b2bLinkIcon><b2bLinkAltText>help-library</b2bLinkAltText><b2bLinkTitle>Help Library</b2bLinkTitle><b2bLinkDescription>Download owner's manuals and documentation</b2bLinkDescription><b2bLinkTime></b2bLinkTime></b2bSupportLink><b2bSupportLink><b2bLinkIcon>video-tutorials</b2bLinkIcon><b2bLinkAltText>video-tutorials</b2bLinkAltText><b2bLinkTitle>Video Tutorials</b2bLinkTitle><b2bLinkDescription>Learn how to install &amp; operate your LG product</b2bLinkDescription><b2bLinkTime></b2bLinkTime></b2bSupportLink><b2bSupportLink><b2bLinkIcon>request-a-repair</b2bLinkIcon><b2bLinkAltText>request a repair</b2bLinkAltText><b2bLinkTitle>Request a Repair</b2bLinkTitle><b2bLinkDescription>Submit an online service request</b2bLinkDescription><b2bLinkTime></b2bLinkTime></b2bSupportLink><b2bSupportLink><b2bLinkIcon>live-chat</b2bLinkIcon><b2bLinkAltText>Live Chat</b2bLinkAltText><b2bLinkTitle>Live Chat</b2bLinkTitle><b2bLinkDescription>Chat Online with LG Support. &lt;br&gt;
&lt;span class="link-text lg"&gt;Start Live Chat.&lt;/span&gt;</b2bLinkDescription><b2bLinkTime></b2bLinkTime></b2bSupportLink><b2bSupportLink><b2bLinkIcon>telephone</b2bLinkIcon><b2bLinkAltText>Telephone</b2bLinkAltText><b2bLinkTitle>Telephone</b2bLinkTitle><b2bLinkDescription>Information Display: &lt;span class="number"&gt;1300 715 923&lt;/span&gt; &lt;br&gt;
Air Conditioning: &lt;span class="number"&gt;1300 547 253&lt;/span&gt; &lt;br&gt;
Solar: &lt;span class="number"&gt;1300 152 179&lt;/span&gt;</b2bLinkDescription><b2bLinkTime></b2bLinkTime></b2bSupportLink><b2bSupportLink><b2bLinkIcon>email</b2bLinkIcon><b2bLinkAltText>Email</b2bLinkAltText><b2bLinkTitle>Email</b2bLinkTitle><b2bLinkDescription>No time to chat? &lt;br&gt;
Send your enquiry to us via email. &lt;br&gt;
&lt;span class="link-text lg"&gt;b2bsupport@lge.com.au&lt;/span&gt;</b2bLinkDescription><b2bLinkTime></b2bLinkTime></b2bSupportLink></Root>